,https://www.aucklandmuseum.com/your-museum/contact-us,FALSE
Who can I email/speak to about ... ,https://www.aucklandmuseum.com/your-museum/contact-us,FALSE
How can I get an image of ... ,https://www.aucklandmuseum.com/your-museum/contact-us,FALSE
What information do you have on ... ,https://www.aucklandmuseum.com/your-museum/contact-us,FALSE
Is there anywhere I can eat my lunch inside the Museum?,,FALSE
How long does it to take to see the whole Museum?,2 hours 40 mins,FALSE
I'm a member of the press; am I eligible for a discount?,https://www.aucklandmuseum.com/media/contact-us,FALSE
Can I get in for free if I am on active military service?,"(Laura to check, also check if veterans get in for free)",FALSE
Supervising children,https://www.aucklandmuseum.com/visit/visit-plan-your-visit/conditions-of-entry,FALSE
Do you have a parents room/prayer room?,There is a Parent Room in the Grand Foyer. There are no designated prayer facilities at the Museum because it is a denomination-free zone,FALSE
What is the oldest item in your collection?,,FALSE
How many objects have been photographed?,,FALSE
AUCKLAND MUSEUM,,FALSE
What are the founding documents of the Museum,"Te Tiriti O Waitangi, Auckland War Memorial Museum Act 1996, He Korahi Maori, & Teu la Va https://www.aucklandmuseum.com/your-museum/about/our-organisation/auckland-war-memorial-museum-act-1996   https://www.aucklandmuseum.com/your-museum/about/teu-la-va-the-pacific-dimension-at-auckland-museum    https://www.aucklandmuseum.com/your-museum/about/he-korahi-maori-a-maori-dimension-auckland-museum",FALSE
Does the Museum sell off old unwanted objects,"Occasionally support material left over from past exhibitions is sold or given away. Once an object offer has passed through the acquisition process and been accepted, it becomes part of the Museum's permanent collections.",FALSE
GALLERY INFORMATION,,FALSE
What happened to the live animals?,,FALSE
Do you have a childrens' section? What happened to Wild Child? What happened to the treehouse / lolly wall?,,FALSE
Are your guided tours audio-enabled/for the hearing-impaired?,,FALSE
Where have all the cool objects like guns and swords gone? Why were they taken away?,"The Armoury was decommissioned in 2014 to make way for the new gallery Pou Kanohi New Zealand at War which is the Museum’s first dedicated war memorial space aimed at educating young people about the First World War and contemplating why, 100 years on, it is still relevant",FALSE
COLLECTION INFORMATION AND ACCESS,,FALSE
How do I cite a Museum object?,,FALSE
Can I have my taonga back?,,FALSE
How do I find things on Collections Online?,https://www.aucklandmuseum.com/discover/collections-online,FALSE
How can I find out about the scientists and researchers who work there?,https://www.aucklandmuseum.com/discover/research/our-specialists,FALSE
How do I correct a record/error?,https://www.aucklandmuseum.com/your-museum/contact-us,FALSE
How do I order an image from your collections?,https://www.aucklandmuseum.com/discover/library/image-orders,FALSE
How can I find out more about a particular object?,,FALSE
"What do the terms ""CC-BY"" and ""No known copyright"" mean?","If an article has been published under a CC BY licence you can, as a reader/licensee, include a figure, table or photograph from that article in your own work (e.g. a paper or teaching materials that you will release online) without having to check whether you fall under one of the ‘fair dealing’ exceptions or having to obtain any additional permission from the copyright holder. All you have to do is to ensure that you acknowledge the original source.",FALSE
How do you choose what to collect?,,FALSE
Can you tell me how much something I have is worth?,"The Museum is a whare taonga, not an auctioneers. It is best to consult with a reputable dealer with experience of buying & selling objects to obtain a realistic valuation of your object for insurance or sales purposes.",TRUE
ONLINE CENOTAPH FAQS,ANSWER,FALSE
,,FALSE
NATURAL SCIENCES,,FALSE
Did you kill the animals?,"No!! Maybe in the 19th century animals, birds & insects were collected for study and display purposes, but not any longer!! The Museum abides by CITES, we may receive deceased specimens from certain authorities e.g. NZ Customs, and we may accept animals that die from natural causes.",FALSE
Can I give you a dead [bird/other animal]?,"Yes. Please bring your finds to the Loading Dock, off Maunsell Road. We cannot take fauna inside the Museum itself or through the galleries.",FALSE
What's your oldest specimen & who collected it & where is it from,,FALSE
Why are type specimens important,,FALSE
HUMAN HISTORY,,FALSE
What's the main collection in human history,,FALSE
DOCUMENTARY HERITAGE,,FALSE
What's the oldest book in the collection,,FALSE
Why is it important to collect paper stuff,,FALSE
How is the collection of small community documents justifed? Why can't they stay with their source community?,,FALSE
What's the difference between this library collection and the public library collection?,,FALSE
On what basis is paper stuff collected? How is it justified?,,FALSE
Isn't the Museum library just another form of colonialism?,,FALSE
Where can I go to see library collections?,https://www.aucklandmuseum.com/discover/collections-online  https://www.aucklandmuseum.com/discover/library,FALSE
What's the difference between 'documentary heritage' and 'library'?,,FALSE
"I'd like to join the library and borrow the books, how do I do that?",,FALSE
Can I photocopy anything I need in the library,,FALSE
When do you fly certain flags / why is the flag at half-mast today?,https://www.aucklandmuseum.com/visit/whats-on/remembrance-and-commemoration/flag-days,TRUE
What's on at the Museum today?,https://www.aucklandmuseum.com/whats-on,TRUE
Do you have free WiFi?,"Yes we have free WiFi. Select the “Museum - Public"" Wifi network. Please note there is no WiFi or mobile phone coverage in the underground carpark.",TRUE
Do you have a cafe? What happened to Columbus?,"https://www.aucklandmuseum.com/visit/visit-plan-your-visit/espresso-bar-1929
Columbus closed with the closure of the atrium",TRUE
"I am a wheelchair user, is the Museum accessible?","Wheelchair access into the Museum is possible via the ramps, and within the building there are ramps and lifts to ensure all visitors can get around easily. Wheelchairs are available to Visitors and they are sanitised after every use.",TRUE
Can I reserve a wheelchair?,Wheelchairs may be borrowed from the bag check desk in the Grand Foyer. Please note that wheelchairs cannot be booked or reserved ahead of time.,TRUE
Complimentary tickets for paid assistants,"Paid assistants can obtain complimentary tickets to paid exhibitions, events, and programmes they are attending with the ticket holder.  The intent is to remove barriers for visitors who require a paid assistant to support their attendance.",TRUE
How can I put on an exhibition at the Museum?,Auckland Musuem has a multi-year programme of exhibitions that is managed by our Exhibitions team. If you would like to discuss a proposed exhibition please send us a message through the Contact page.,TRUE
Can I just go to the Shop / Cafe / Library / Pou Maumahara / War Memorial space for free?,Yes - the War Memorial sections of the Museum are accessible free of charge,TRUE
Who owns the Museum buidling?,Auckland War Memorial Museum is owned by the Auckland Museum Trust Board and the land is leased from the Auckland Council. The Lease was renewed in 2019 for a further 21 years. This is renewed in perpetuity. This statement doesn't make sense,TRUE
What's the difference between the War Memorial Museum and the Auckland Museum?,,TRUE
What's the difference between the Auckland Museum & Institute and the AWMM,Essentially there is no difference - it's a strategic & legal name change brought about by the AWMM Act 1996,TRUE
Why did the Museum change its name,"The Auckland War Memorial Museum Act of 1996 transferred the assets and governance of the Auckland Institute and Museum to the Auckland Museum Trust Board, who are the official corporate body representing the Museum.",TRUE
Is it the only museum in Auckland,https://museumsofauckland.com/,TRUE
Where do you keep everything not on display?,The Museum has onsite and offsite storage facilites,TRUE
Why can't I touch things in the galleries?,,TRUE
Why is it so dark in the galleries?,,TRUE
Where is the gallery with all the little shops - Centennial Street 1866,"Auckland 1866, was where Pou Maumahara Memorial Discovery Centre is now. Auckland 1866 closed on the 28th of September 2015 and was a replica of a 19th Century Street which showed businesses and residential premises – It opened in 1967 so it had been on display for 48 years. Before it was removed it was 3-D scanned & digitised so you can ‘walk around’ it online. http://www.aucklandmuseum.com/collections-research/collections/topics/the-objects-of-colonial-auckland. Prior to the 1866 gallery the space was the Museum’s library and theatre; the stage is still present behind the screen.",TRUE
What happened to the Oceans and Coastal galleries?,"These galleries were temporarily removed from the public domain to accommodate staff employed for the Collections Readiness & Access Programme in 2012; this programme involved cataloguing our backlogs of collection items and photographing more than X million objects to bring our collections online. Once this programme comes to an end, the galleries will be returned to public spaces.",TRUE
What happened to Armoury?,"The Armoury was decommissioned in 2014 to make way for the new gallery Pou Kanohi New Zealand at War which is the Museum’s first dedicated war memorial space aimed at educating young people about the First World War and contemplating why, 100 years on, it is still relevant",TRUE
Where are the Goldies?,In Maori Court and online [link],TRUE
Can I book a cultural performance in advance?,Yes - please contact bookings on bookings@aucklandmuseum.com or 09 306 7048,TRUE
General,Answers,TRUE
I would like to talk to a curator,https://www.aucklandmuseum.com/your-museum/contact-us ,TRUE
How can I donate an item I own to Auckland War Memorial Museum?,http://www.aucklandmuseum.com/your-museum/support-your-museum/donate-to-auckland-museum/donating-objects-to-our-collections,TRUE
What hours/days is the Museum open?,10am to 5pm every day except Christmas Day,TRUE
How much is entry?,https://www.aucklandmuseum.com/visit/visit-plan-your-visit/conditions-of-entry,TRUE
How do I get to the Museum by public transport?,https://www.aucklandmuseum.com/visit/plan-your-visit/getting-here-and-parking-en,TRUE
How much does parking cost?,https://www.aucklandmuseum.com/visit/plan-your-visit/getting-here-and-parking-en,TRUE
How do I prove I'm a New Zealander/Aucklander?,"Aucklanders:Auckland Library Card, Proof of address e.g. bill or bank statement.  
New Zealanders: NZ Drivers Licence, Passport, Work Visa",TRUE
What historical anniversaries does the Museum commemorate?,"Anzac Day (25 April), Armistice Day (11 November),  https://www.aucklandmuseum.com/visit/whats-on/remembrance-and-commemoration/flag-days",TRUE
Do you have a lost property office?,Yes,TRUE
Why can't I eat or drink in the galleries?,No food or drink can be taken into the galleries because of the risk of pests to our collections. ,TRUE
Can I bring my bag in?,You can leave your bags at the Welcome Lounge,TRUE
Can I film videos/take photos in the museum?,"Yes, for personal use only - No graduation or wedding photos inside please. Refer to photography policy. https://www.aucklandmuseum.com/visit/plan-your-visit/photography-and-filming",TRUE
Can I take photos of Māori portraits or taonga Māori?,"Yes, for personal use only - Unless otherwise specified. Please refer to the conditions on entry on your ticket.",TRUE
How can I donate to the Museum?,https://www.aucklandmuseum.com/your-museum/support-your-museum/donate-to-auckland-museum/donate-now,TRUE
What job vacancies do you have at the moment?,https://www.aucklandmuseum.com/your-museum/get-involved/work-at-auckland-museum,TRUE
Can I sell my art/work in your shop?,Please contact the Museum Store: email shop@aucklandmuseum.com or extension 7042,TRUE
Can I get in for free with an ICOM card?,Yes,TRUE
Can I go up to the roof? Can I go to the Event centre?,The Events Centre is not normally accessible to the public unless there is an event booked into the space.,TRUE
Will you light the Museum for my cause/charity/company/event/birthday/anniversary?,https://www.aucklandmuseum.com/your-museum/museum-lighting-schemes,TRUE
What does the consecrated ground mean?,The Cenotaph was consecrated in 1929 and is considered a sacred space to acknowledge those who died in conflict.,TRUE
What time does the Wintergardens open?,https://www.gardens.org.nz/auckland-gardens/auckland-domain-wintergardens/,TRUE
How can I apply to volunteer at the Museum?,https://www.aucklandmuseum.com/your-museum/get-involved/volunteer-at-auckland-museum,TRUE
"What does ""cenotaph"" mean?",https://www.aucklandmuseum.com/war-memorial/galleries/auckland-cenotaph,TRUE
Do you have anything of Sir Edmund Hillary's on display?,"A portrait of Sir Edmund Hillary and his ice axe can be found on the Western stairwell up to level 1. His military medals and other awards are on display in medal collection in Pou Maumahara. His personal papers are held in the Documentary Heritage Collection, MS 2010-1. SIr Ed (or his estate) donated personal belongings to other institutions around Aotearoa NZ, e.g. Otago Museum has the Everest camera.                     https://otagomuseum.nz/whats-on/see/display/sir-edmund-hillary-stairwell",TRUE
When was Auckland Museum founded,October 1852,TRUE
What is the history of the museum,https://www.aucklandmuseum.com/your-museum/about/the-history-of-auckland-museum,TRUE
When did Auckland War Memorial Museum open?,28th November 1929,TRUE
What is on the Stained Glass ceiling in the Grand Foyer?,"The Stained Glass ceiling above the Grand Foyer depicts the Coat of Arms of the British Dominions and Colonies (North wall) Channel Islands, Fiji, Jamaica and Malta, (East wall) Gibraltar, Kenya, South Africa, and New Foundland, (South wall) Canada, Great Britain, New Zealand and Australia, (West wall) India, Ceylon, Malaya, and the Straits Settlements. You can find more about the stained class ceiling. https://www.aucklandmuseum.com/galleries/level-two/world-war-one-hall-of-memories  ",TRUE
Who sits on the Trust Board,https://www.aucklandmuseum.com/your-museum/about/our-organisation/executive-team-and-trust-board,TRUE
Who are the Taumata-ā-Iwi?,https://www.aucklandmuseum.com/your-museum/about/our-organisation/taumata-a-iwi,TRUE
What is the Pacific Advisory Group and who are its members?,https://www.aucklandmuseum.com/your-museum/about/our-organisation/pacific-advisory-group,TRUE
How do I join the Museum Institute?,https://www.aucklandmuseum.com/your-museum/get-involved/become-a-member/auckland-museum-institute,TRUE
Do you have audio guides?,"Yes - of Maori Court only in English or Mandarin
https://www.aucklandmuseum.com/visit/whats-on/he-taonga-maori-audio-guides",TRUE
What research does the Museum do? What are your areas of specialty?,https://www.aucklandmuseum.com/discover/research,TRUE
How can I speak to a specialist?,https://www.aucklandmuseum.com/your-museum/contact-us,TRUE
How can I do research at the Museum?,https://www.aucklandmuseum.com/discover/library/book,TRUE
"I'm doing Museum Studies, what kind of information do you have on museums? ",The Museum Library has a good selection of books to support the museum studies programme at the University of Auckland.,TRUE
How can I borrow an object to do research on it or for an exhibition?,https://www.aucklandmuseum.com/discover/collections/collection-care/how-to-borrow-objects-for-an-exhibition,TRUE
Can I borrow books from the library?,The Museum Library is the oldest heritage library in Aotearoa New Zealand; you are welcome to visit the library and use our collections for research purposes but we do not lend out material. That's what public libraries are for.,TRUE
How can I order a print of a photograph?,https://www.aucklandmuseum.com/discover/collections/using-our-images/requesting-images,TRUE
Where can I find and order Museum publications?,https://www.aucklandmuseum.com/discover/research/research-publications,TRUE
I have information / a book I wrote; do you want it?,Please complete this Object Offer form. The form will be sent to the curator concerned who will assess the offer for consideration http://www.aucklandmuseum.com/getmedia/6f865d37-b951-4b54-a757-e6150dc5c0ff/2-1-Collections-Object-Offer-Form.pdf,TRUE
How do I access a military personnel file?,"If the service person served for New Zealand prior to 1st January 1921 then the file should have been digitised and avaliable through the New Zealand Archives, Archway website. If the service person served after this date then the New Zealand Defence Force holds the records for service personnel. You can apply for a copy of the personnel file, directly from the New Zealand Defence Force. There is a link to their website here, or you can also find application forms in Pou Maumahara. ",TRUE
How can I find photographs of my relative who served in the war? ,"There may not be a photograph for every service person who served. However, you can try searching Auckland Libraries, Heritage Images which has digitised photographs published in the Auckland Weekly News, from the First World War and the Second World War. If your relative served in the First World War, there may also be an photograph from Onward: Portraits of the New Zealand Expeditionary Force. You can also try searching Digital New Zealand, or Papers Past.",TRUE
What medals did my relative receive? ,"You can find out which medals your ancestor recieved from the military personnel file. If they have served prior to the 1st January 1921, these records have been digitised and are avaliable through Archway. If they served for New Zealand after the 1st January 1921, then the records are held by the New Zealand Defence Force, you can apply for a copy of the file from their website here. The New Zealand Defence Force also has a dedicated medal website with additional information on medals issued to New Zealanders, here. ",TRUE
"My relative isn't on Online Cenotaph, why not? ","We are constantly updating the Online Cenotaph database, when we recieve new information. If you think you or your relative should be included on Online Cenotaph, please check our inclusion criteria and contact us. you can also fill in this form and we can create a record on your behalf.",TRUE
Who is on Online Cenotaph?,"Online Cenotaph is a database for all New Zealanders or those who have served for New Zealand in armed conflict. Many of the those who had served with the Army in the First and Second World Wars are included on Online Cenotaph, these records have been added from the Nominal Rolls. We also have many of those who served for New Zealand Contingents in South Africa, and those who served in Vietnam from the Flinkenberg List. We are working on adding information for those that have served in the Navy or Air Force and in post 1945 conflicts. You can find more information on our collection strengths and weaknesses here. https://www.aucklandmuseum.com/war-memorial/online-cenotaph/about-online-cenotaph/collection-policy ",TRUE
Why are records missing from Online Cenotaph? ,"Online Cenotaph is a work-in-progress and we rely on both the public and existing information sources. Because we need large, verified datasets to create service person records en masse, some records do not yet exist. At any one time we have multiple projects to find and create these new datasets, but we also rely on the public to provide information to create records.",TRUE
How can I add a photograph of my relative to Online Cenotaph?,"You can add the photograph as a JPEG file to the Online Cenotaph record, by contributing the photograph under the image section. You will need to fill out some information so we knw who has contributed the photograph. Alternatively, you can also email us the photograph and we can add it to the applicable Online Cenotaph record, you can get in contact with us here. If you need the photograph scanned, we can scan it on your behalf, if you are in Auckland pop up and see us in Pou Maumahara or the Research Library on level two. ",TRUE
I've added the date of birth and date of death and it's not appearing at the top.,"For this information to appear at the top of the Online Cenotaph record it does have to be added by the Online Cenotaph team. We are happy to add this information to the Online Cenotaph record, please feel free to enquiry on the relevant record or email us.  ",TRUE
How can I identify a Medal? ,"The best online resource for identifying medals is the New Zealand Defence Force’s medal website, which can be accessed here. It’s best to search by conflict if known. Feel free to contact us if you have trouble with the identification.",TRUE
Where can I get the service record from? ,"For those that have served pre 1st January 1921, you can find their personnel files from the New Zealand Archives, archway database here. The New Zealand Defence Force may hold some of the records for a relatively small number of South African and First World War veterans who continued to serve after the 1st January 1921. The New Zealand Defence Force holds the records for those that served after this date. You can request copies of the personnel file from the NZDF, there is some information on how to apply here.                                                                                                                                                                           http://www.nzdf.mil.nz/personnel-records/nzdf-archives/accessing-military-service-records.htm.                                                                                                                                                                                               There restrictions on some post-Second World War service records depending on whether the service person is living or deceased. Please refer to the New Zealand Defence Force Archives here for more information. 

For New Zealanders who served in overseas forces: ywe recommend contacting the national archives of the country of service, such as the The National Archives, UK. Many of the records for Australians who have served during the First World War have been digitised and can be found at National Archives of Australia.
",TRUE
Why can't I contribute to some sections?,"Some sections don’t show automatically on records. To open up all section, click the ‘Show empty field’ check-box at the top of the page under the ‘Lay a Poppy’ button.",TRUE
,,
,,
,,
,,
,,
,,
,,
,,
,,
,,
,,
,,
,,
,,
,,
,,
,,
,,
,,
,,
,,
,,
,,
,,
,,
,,
,,
,,
,,
,,
,,
,,
,,
  ,  ,